Trialn,Feedback,ITI,Partner,BlockType,Blockn,ITIonset_raw,decision_raw,outcome_offset_raw,outcome_onset_raw,outcome_val_raw,resp_onset_raw,resp_raw,trialDuration_raw,order
1,1,8,2,3,1,0.0367741584777832,8.039496421813965,11.323650360107422,10.557025909423828,8.0,10.556389808654785,2.0,3.284153938293457,0.0
2,3,0.75,1,3,1,11.326997756958008,12.089822769165039,15.35696029663086,14.590621948242188,7.0,14.590191841125488,3.0,3.267137050628662,1.0
3,2,0.75,3,3,1,15.359943389892578,16.12287139892578,19.39238929748535,18.624082565307617,5.0,18.62366485595703,3.0,3.2695178985595703,2.0
4,1,0.75,3,3,1,19.395383834838867,20.15687370300293,23.425058364868164,22.658830642700195,3.0,22.65837860107422,3.0,3.268186092376709,3.0
5,2,0.75,2,3,1,23.427770614624023,24.191162109375,27.47625160217285,26.708480834960938,,26.70804786682129,0.0,3.285088062286377,4.0
6,3,0.75,1,3,1,27.479488372802734,28.241344451904297,31.509843826293945,30.742233276367188,7.0,30.7418212890625,3.0,3.268497943878174,5.0
